Campaign Name,Ad Group Name,Ad Name,Goal,Total Results,Cost per Result,Impressions,eCPM,Clicks,CPC (USD),CTR,Amount Spent (USD),Currency
Study Spaces,v2 AG Study Spaces,v2 Study Space,SIGN_UP,,,,,,,,,
Quizzing Brand Campaign,v1 brand Quizzing Ads,v1 brand Quiz feature ad,-,0,0.0,44455,9.75,255,1.7,0.0057361376673040155,433.537295,USD
Quizzing Brand Campaign,v1 brand Quizzing Ads,v1 brand Flashcards feature ad,-,0,0.0,40095,10.01,231,1.74,0.005761316872427984,401.336825,USD
Conversion Quizzing Campaign,v1 AG conversion Quizzing Ads,v1 conversion Quiz ad,SIGN_UP,0,0.0,2512,16.5,7,5.92,0.002786624203821656,41.454858,USD
Conversion Quizzing Campaign,v1 AG conversion Quizzing Ads,v1 conversion Flashcards ad,SIGN_UP,0,0.0,2949,19.85,7,8.36,0.002373685995252628,58.545142,USD
Canvas Study Guide,v1 AG Canvas Study Guide,v1 Canvas Study Guide,SIGN_UP,11,19.42,135700,1.57,1611,0.13,0.01187177597641857,213.625359,USD
Finals Spring 2026,v1 AG Finals Spring 2026,v1 Finals Spring 2026,SIGN_UP,110,20.4,269746,8.32,3835,0.59,0.014217078288463962,2244.106373,USD
A&P Exam Prep,v1 AG A&P Exam Prep,v1 Ad A&P Exam Prep,SIGN_UP,76,16.52,169647,7.4,2069,0.61,0.012195912689290114,1255.479886,USD
Summer Campaign 2026,v1 AG Summer 2026,v1 Summer 2026,SIGN_UP,94,13.46,191666,6.6,2233,0.57,0.011650475306001065,1265.223913,USD
Canvas Study Guide,v1 AG Canvas Study Guide,v2 Canvas Study Guide,SIGN_UP,0,0.0,7267,13.08,37,2.57,0.005091509563781478,95.029743,USD
Study Spaces,v1 AG Study Spaces,v1 Study Space,SIGN_UP,3,172.88,25696,20.18,152,3.41,0.005915317559153176,518.629281,USD
Summer Campaign 2026,v3 AG Summer 2026,v3 Summer 2026,SIGN_UP,34,94.94,157395,20.51,1798,1.8,0.011423488674989676,3228.12526,USD
Summer Campaign 2026,v2 AG Summer 2026,v2 Summer 2026,SIGN_UP,2,111.73,9863,22.66,78,2.86,0.007908344317144884,223.458363,USD
